<?xml version="1.0" encoding="utf-8"?>
<metadata>
	<layout title="com_user_login_view_default_title" option="com_user_login_view_default_option">
		<help
			key = "JHELP_MENUS_MENU_ITEM_USER_LOGIN"
		/>		<message>
			<![CDATA[COM_USER_LOGIN_VIEW_DEFAULT_DESC]]>
		</message>
	</layout>

	<!-- Add fields to the parameters object for the layout. -->
	<fields name="params">

		<!-- Basic options. -->
		<fieldset name="basic" label="COM_MENUS_BASIC_FIELDSET_LABEL">

		<field
		name="login_redirect_url"
		type="text"
		label="JFIELD_LOGIN_REDIRECT_URL_LABEL"
		description="JFIELD_LOGIN_REDIRECT_URL_DESC"
		class="inputbox"/>

		 <field
			name="logindescription_show"
			type="list"
			label="JFIELD_BASIS_LOGIN_DESCRIPTION_SHOW_LABEL"
			description="JFIELD_BASIS_LOGIN_DESCRIPTION_SHOW_DESC"
			default="1">
			<option
				value="0">JHIDE</option>
			<option
				value="1">JSHOW</option>
				</field>
		<field
		name="login_description"
		type="textarea"
		label="JFIELD_BASIS_LOGIN_DESCRIPTION_LABEL"
		description="JFIELD_BASIS_LOGIN_DESCRIPTION_DESC"
		rows="3"
		cols="40"/>

		<field
		name="login_image"
		type="text"
		label="JFIELD_LOGIN_IMAGE_LABEL"
		description="JFIELD_LOGIN_IMAGE_DESC"
		class="inputbox"/>

		<field name="spacer1" type="spacer"
				hr="true"
			/>
		<field
		name="logout_redirect_url"
		type="text"
		label="JFIELD_LOGOUT_REDIRECT_URL_LABEL"
		description="JFIELD_LOGOUT_REDIRECT_URL_DESC"
		class="inputbox"/>
         <field
			name="logoutdescription_show"
			type="list"
			label="JFIELD_BASIS_LOGOUT_DESCRIPTION_SHOW_LABEL"
			description="JFIELD_BASIS_LOGOUT_DESCRIPTION_SHOW_DESC"
			default="1">
			<option
				value="0">JHIDE</option>
			<option
				value="1">JSHOW</option>
				</field>
		<field
		name="logout_description"
		type="textarea"
		label="JFIELD_BASIS_LOGOUT_DESCRIPTION_LABEL"
		description="JFIELD_BASIS_LOGOUT_DESCRIPTION_DESC"
		rows="3"
		cols="40"/>

		<field
		name="logout_image"
		type="text"
		label="JFIELD_LOGOUT_IMAGE_LABEL"
		description="JFIELD_LOGOUT_IMAGE_DESC"
		class="inputbox"/>



		</fieldset>
	</fields>
</metadata>
